INSERT INTO ROOM_TYPE (ID, DESCRIPTION, NAME) VALUES (1, '1 single bed.', 'Single Room');
INSERT INTO ROOM_TYPE (ID, DESCRIPTION, NAME) VALUES (2, '1 large double bed.', 'Double Room');
INSERT INTO ROOM_TYPE (ID, DESCRIPTION, NAME) VALUES (3, '1 extra-large double bed. ', 'Deluxe Double Room');

INSERT INTO ROOM (ID, NUMBER, TYPE_ID) VALUES (1, '101', 1);
INSERT INTO ROOM (ID, NUMBER, TYPE_ID) VALUES (2, '102', 2);
INSERT INTO ROOM (ID, NUMBER, TYPE_ID) VALUES (3, '103', 3);
INSERT INTO ROOM (ID, NUMBER, TYPE_ID) VALUES (4, '201', 2);
INSERT INTO ROOM (ID, NUMBER, TYPE_ID) VALUES (5, '202', 2);
INSERT INTO ROOM (ID, NUMBER, TYPE_ID) VALUES (6, '301', 1);
INSERT INTO ROOM (ID, NUMBER, TYPE_ID) VALUES (7, '302', 1);
INSERT INTO ROOM (ID, NUMBER, TYPE_ID) VALUES (8, '303', 3);

-- Peter McDermott, manager
INSERT INTO USER (ID, NAME, EMAIL, ROLE) VALUES (2, 'Peter McDermott', 'peter.mcdermott@hotel.com', 0);

-- Marsha Preyscott, guest in the hotel
INSERT INTO USER (ID, NAME, EMAIL, ROLE) VALUES (3, 'Marsha Preyscott', 'marsha@guest.com', 1);

-- Albert Wells, aging hotel guest
INSERT INTO USER (ID, NAME, EMAIL, ROLE) VALUES (4, 'Albert Wells', 'albert@guest.com', 1);

INSERT INTO RESERVATION (ID, CHECK_IN, CHECK_OUT, GUEST_ID, ROOM_ID) VALUES (1, '2022-06-01', '2022-06-07', 2, 1);
INSERT INTO RESERVATION (ID, CHECK_IN, CHECK_OUT, GUEST_ID, ROOM_ID) VALUES (2, '2022-06-03', '2022-06-09', 3, 6);
INSERT INTO RESERVATION (ID, CHECK_IN, CHECK_OUT, GUEST_ID, ROOM_ID) VALUES (3, '2022-06-05', '2022-06-09', 4, 7);

INSERT INTO RESERVATION (ID, CHECK_IN, CHECK_OUT, GUEST_ID, ROOM_ID) VALUES (4, '2022-07-01', '2022-07-03', 2, 2);
INSERT INTO RESERVATION (ID, CHECK_IN, CHECK_OUT, GUEST_ID, ROOM_ID) VALUES (5, '2022-07-03', '2022-07-04', 3, 2);
INSERT INTO RESERVATION (ID, CHECK_IN, CHECK_OUT, GUEST_ID, ROOM_ID) VALUES (6, '2022-07-05', '2022-07-06', 4, 2);
